id;description;sort_order;date_added;date_modified;status
1;Mesa;31264;2023-05-03;2023-05-04;DISABLED
2;Implementación;82897;2023-05-04;2023-05-03;DISABLED
3;HTTP Checking;90596;2023-05-03;2023-05-03;DISABLED
4;Berkshire Planificador enterprise;13053;2023-05-04;2023-05-04;DISABLED
5;Sopa Ensalada killer;19780;2023-05-04;2023-05-04;RESTRICTED
6;País;94420;2023-05-04;2023-05-04;AVAILABLE
7;Diseñador array;15061;2023-05-03;2023-05-04;RESTRICTED
8;Loan Videojuegos;61498;2023-05-04;2023-05-04;RESTRICTED
9;Account Cara plug-and-play;23683;2023-05-03;2023-05-04;DISABLED
10;Granito;66292;2023-05-04;2023-05-03;DISABLED
