id;title;keywords;description;rating;date_added;date_modified
1;Acero;Asistente;cross-platform Director;35091;2023-05-04;2023-05-03
2;Ordenador Adelante deposit;THX Coche;Sopa withdrawal;40879;2023-05-03;2023-05-04
3;Increible Italia;compressing withdrawal Rojo;Bedfordshire Jordania neutral;4184;2023-05-04;2023-05-04
4;digital;CFP Negro;Travesía;95487;2023-05-04;2023-05-04
5;Morado JSON Extremadura;Acero;solutions;27331;2023-05-04;2023-05-03
6;Metal Patatas;Teclado;Avenida Negro pixel;28408;2023-05-04;2023-05-03
7;Renminbi rich de;virtual Seguro Fantástico;Buckinghamshire;8835;2023-05-04;2023-05-03
8;Implementación;application Gris solución;Mancha Ergonómico Ergonómico;5859;2023-05-04;2023-05-03
9;heurística;back-end Producto Optimización;Electrónica;67286;2023-05-03;2023-05-03
10;transmit Fantástico IB;Argelia Ergonómico;Taka;90493;2023-05-04;2023-05-03
